Sr. No.,Company,BSE Code
1,Reliance Industries Ltd,500325
2,HDFC Bank Ltd.,500180
3,Tata Consultancy Services Ltd.,532540
4,Bharti Airtel  Ltd.,532454
5,ICICI Bank Ltd.,532174
6,State Bank Of India,500112
7,Infosys Ltd,500209
8,Hindustan Unilever Ltd.,500696
9,Bajaj Finance Limited,500034
10,LIFE INSURANCE CORPORATION OF INDIA,543526
11,ITC Ltd,500875
12,Larsen & Toubro Limited,500510
13,HCL Technologies Ltd,532281
14,Kotak Mahindra Bank Ltd.,500247
15,Maruti Suzuki India  Ltd.,532500
16,Sun Pharmaceutical Industries Ltd.,524715
17,Mahindra & Mahindra Ltd.,500520
18,UltraTech Cement Ltd,532538
19,AXIS Bank Ltd.,532215
20,NTPC Limited,532555
21,Bajaj Finserv Limited,532978
22,Hindustan Aeronautics Limited,541154
23,Titan Company Limited,500114
24,Oil And Natural Gas Corporation Ltd,500312
25,Adani Ports and Special Economic Zone Ltd,532921
26,Adani Enterprises Ltd.,512599
27,Avenue Supermarts Limited,540376
28,POWER GRID CORPORATION OF INDIA LIMITED,532898
29,Bharat Electronics Ltd.,500049
30,Wipro  Ltd.,507685
31,Eternal Limited,543320
32,JSW Steel Limited,500228
33,Tata Motors Ltd.,500570
34,Coal India Limited,533278
35,Bajaj Auto Limited,532977
36,Asian Paints Ltd.,500820
37,Nestle India Ltd.,500790
38,Adani Power Limited,533096
39,InterGlobe Aviation Limited,539448
40,Indian Oil Corporation Ltd.,530965
41,TATA STEEL LIMITED,500470
42,Trent Ltd [Lakme Ltd],500251
43,DLF LIMITED,532868
44,Hindustan Zinc Ltd.,500188
45,Jio Financial Services Limited,543940
46,Grasim Industries Ltd,500300
47,SBI Life Insurance Company Limited,540719
48,Vedanta Limited,500295
49,Indian Railway Finance Corporation,543257
50,HYUNDAI MOTOR INDIA LIMITED,544274
51,Divi's Laboratories Ltd.,532488
52,Varun Beverages Limited,540180
53,HDFC LIFE INSURANCE COMPANY LIMITED,540777
54,Eicher Motors Ltd.,505200
55,Adani Green Energy Limited,541450
56,Pidilite Industries Ltd.,500331
57,Hindalco Industries Ltd.,500440
58,LTIMindtree Limited,540005
59,Tech Mahindra Limited,532755
60,Bajaj Holdings & Investment Limited,500490
61,Ambuja Cements Ltd.,500425
62,TVS Motor Company Ltd.,532343
63,Bharat Petroleum Corpn. Ltd.,500547
64,Britannia Industries Ltd.,500825
65,Power Finance Corporation Ltd,532810
66,Solar Industries India Limited,532725
67,Lodha Developers Limited,543287
68,Cholamandalam Investment and Finance Company Ltd,511243
69,Godrej Consumer Products Ltd.,532424
70,Tata Power Co. Ltd,500400
71,Bank Of Baroda,532134
72,Cipla Ltd.,500087
73,Shriram Finance Limited,511218
74,Punjab National Bank,532461
75,Gail (India) Ltd.,532155
76,Mazagon Dock Shipbuilders Limited,543237
77,ABB India Limited,500002
78,Max Healthcare Institute Limited,543220
79,Torrent Pharmaceuticals Ltd.,500420
80,Siemens Energy India Limited,544390
81,Siemens Ltd.,500550
82,Shree Cements Ltd.,500387
83,Indian Hotels Co. Ltd,500850
84,HDFC Asset Management Company Limited,541729
85,TATA CONSUMER PRODUCTS LIMITED,500800
86,CG Power and Industrial Solutions Limited,500093
87,Apollo Hospitals Enterprises Ltd.,508869
88,REC LIMITED,532955
89,Union Bank of India,532477
90,Dr. Reddy's Laboratories Ltd.,500124
91,United Spirits Limited,532432
92,Samvardhana Motherson International Limited,517334
93,Adani Energy Solutions Limited,539254
94,Mankind Pharma Limited,543904
95,Bosch Ltd,500530
96,MUTHOOT FINANCE LIMITED,533398
97,INDUS TOWERS LIMITED,534816
98,Bajaj Housing Finance Limited,544252
99,Canara Bank,532483
100,IDBI Bank Ltd,500116
101,JINDAL STEEL LIMITED,532286
102,Havells India Limited,517354
103,Polycab India Limited,542652
104,Dixon Technologies (India) Limited,540699
105,Zydus Lifesciences Limited,532321
106,Cummins India Ltd.,500480
107,ICICI Lombard General Insurance Company Limited ,540716
108,SWIGGY LIMITED,544285
109,GMR Airports Limited,532754
110,Marico Limited,531642
111,Info Edge(India) Ltd.,532777
112,Lupin Ltd,500257
113,JSW Energy Limited,533148
114,ICICI Prudential Life Insurance Company Limited,540133
115,Hero MotoCorp Limited,500182
116,SRF Ltd.,503806
117,Dabur India Ltd.,500096
118,NTPC GREEN ENERGY LIMITED,544289
119,Bharti Hexacom Limited,544162
120,Hindustan Petroleum Corporation Ltd,500104
121,NHPC Limited,533098
122,Waaree Energies Limited,544277
123,Persistent Systems Limited,533179
124,Indian Bank,532814
125,SBI CARDS AND PAYMENT SERVICES LIMITED,543066
126,SUZLON ENERGY LTD.,532667
127,Bharat Heavy Electricals Ltd.,500103
128,PB Fintech Limited,543390
129,HITACHI ENERGY INDIA LIMITED,543187
130,Rail Vikas Nigam Limited,542649
131,VODAFONE IDEA LIMITED,532822
132,Oracle Financial Services Software Limited,532466
133,Indian Overseas Bank,532388
134,Lloyds Metals and Energy Limited,512455
135,Ashok Leyland Ltd.,500477
136,TORRENT POWER LIMITED,532779
137,ADANI TOTAL GAS LIMITED,542066
138,General Insurance Corporation of India,540755
139,Coromandel International Limited,506395
140,Oil India Limited,533106
141,Abbott India Ltd.,500488
142,Prestige Estates Projects Limited,533274
143,Colgate-Palmolive (India) Ltd.,500830
144,Aurobindo Pharma Ltd.,524804
145,HDB FINANCIAL SERVICES LIMITED,544429
146,Godrej Properties Limited,533150
147,Aditya Birla Capital Ltd,540691
148,Patanjali Foods Limited,500368
149,Berger Paints India Ltd,509480
150,JSW Infrastructure Limited,543994
151,One 97 Communications Limited,543396
152,UNO Minda Limited,532539
153,OBEROI REALTY LIMITED,533273
154,Yes Bank Ltd.,532648
155,IndusInd Bank Ltd.,532187
156,NMDC Ltd,526371
157,Vishal Mega Mart Limited,544307
158,Schaeffler India Limited,505790
159,Alkem Laboratories Limited,539523
160,Bharat Dynamics Limited,541143
161,Fortis Healthcare Ltd,532843
162,Indian Railway Catering & Tourism Corporation Ltd,542830
163,FSN E-Commerce Ventures Limited,543384
164,M.R.F. Ltd.,500290
165,GE Vernova T&D India Limited,522275
166,PI Industries Limited,523642
167,UPL Limited,512070
168,Bharat Forge Ltd,500493
169,Tube Investments of India Ltd,540762
170,COFORGE LIMITED,532541
171,Linde India Limited,523457
172,Jindal Stainless Limited,532508
173,The Phoenix Mills Ltd.,503100
174,Kalyan Jewellers India Limited,543278
175,AU Small Finance Bank Limited,540611
176,Bank of India,532149
177,Supreme Industries Ltd.,509930
178,United Breweries Ltd.,532478
179,Steel Authority of India Ltd.,500113
180,Max Financial Services Limited,500271
181,Page Industries Ltd.,532827
182,IDFC FIRST BANK LIMITED,539437
183,Mphasis Limited,526299
184,GlaxoSmithkline Pharmaceuticals Ltd.,500660
185,Motilal Oswal Financial Services Limited,532892
186,Glenmark Pharmaceuticals ltd,532296
187,Federal Bank Ltd.,500469
188,L&T Finance Limited,533519
189,Balkrishna Industries Ltd.,502355
190,NIPPON LIFE INDIA ASSET MANAGEMENT LIMITED,540767
191,Cochin Shipyard Limited,540678
192,Tata Communications Limited,500483
193,APL Apollo Tubes Limited,533758
194,J.K. CEMENT LTD,532644
195,Godfrey Phillips India Ltd.,500163
196,Hexaware Technologies Limited,544362
197,ITC Hotels Limited,544325
198,Premier Energies Limited,544238
199,L&T Technology Services Limited,540115
200,Biocon Ltd.,532523
201,Housing &Urban Development Corporation Ltd.,540530
202,Anthem Biosciences Limited,544449
203,PETRONET LNG LTD.,532522
204,Indian Renewable Energy Development Agency Limited,544026
205,Jubilant Foodworks Limited,533155
206,Procter & Gamble Hygiene & Health Care Ltd.,500459
207,Container Corporation Of India Ltd.,531344
208,Voltas Ltd.,500575
209,Authum Investment & Infrastructure Limited,539177
210,360 ONE WAM LIMITED,542772
211,Bank of maharashtra,532525
212,Thermax Ltd.,500411
213,DALMIA BHARAT LIMITED,542216
214,Gujarat Fluorochemicals Limited,542812
215,Laurus Labs Limited,540222
216,KAYNES TECHNOLOGY INDIA LIMITED,543664
217,Godrej Industries Ltd.,500164
218,UCO Bank,532505
219,ASTRAL LIMITED,532830
220,Escorts Kubota Limited,500495
221,CRISIL Ltd.,500092
222,SJVN LIMITED,533206
223,Narayana Hrudayalaya Limited,539551
224,Multi Commodity Exchange of India Ltd,534091
225,K.P.R. Mill Ltd.,532889
226,Blue Star Ltd,500067
227,Tata Elxsi Ltd,500408
228,Mahindra & Mahindra Financial Services Limited,532720
229,CHOLAMANDALAM FINANCIAL HOLDINGS LIMITED,504973
230,Radico Khaitan Ltd.,532497
231,ACC Ltd,500410
232,Ipca Laboratories Ltd.,524494
233,Endurance Technologies Limited,540153
234,Cohance Lifesciences Limited,543064
235,KEI Industries Ltd.,517569
236,KPIT Technologies Ltd,542651
237,AWL AGRI BUSINESS LIMITED,543458
238,Global Health Limited,543654
239,National Aluminium Co. Ltd.,532234
240,Tata Investment Corporation Ltd.,501301
241,Central Bank of India,532885
242,3M India Ltd.,523395
243,POONAWALLA FINCORP LIMITED,524000
244,NLC India Limited,513683
245,Honeywell Automation India Ltd.,517174
246,Exide Industries Ltd.,500086
247,Ajanta Pharma Ltd.,532331
248,Lic Housing Finance Ltd.,500253
249,Metro Brands Limited,543426
250,Gillette India Ltd.,507815
251,Apar Industries Ltd,532259
252,Go Digit General Insurance Limited,544179
253,Gujarat Gas Limited,539336
254,The New India Assurance Company Limited,540769
255,AIA Engineering Ltd.,532683
256,Aster DM Healthcare Limited,540975
257,Apollo Tyres Ltd,500877
258,Sona BLW Precision Forgings Limited,543300
259,NBCC (India) Limited,534309
260,Delhivery Limited,543529
261, Gland Pharma Limited,543245
262,Indraprashtha Gas Ltd.,532514
263,Garden Reach Shipbuilders & Engineers Limited,542011
264,ITI Limited (Indian Teleph.Ind.Ltd),523610
265,Tata Technologies Limited,544028
266,IRB Infrastructure Developers Limited,532947
267,AEGIS VOPAK TERMINALS LIMITED,544407
268,Krishna Institute of Medical Sciences Limited,543308
269,SUMITOMO CHEMICAL INDIA LIMITED,542920
270,Bandhan Bank Limited,541153
271,PIRAMAL PHARMA LIMITED,543635
272,Aegis Logistics Ltd.,500003
273,Motherson Sumi Wiring India Limited,543498
274,INVENTURUS KNOWLEDGE SOLUTIONS LIMITED,544309
275,Syngene International Limited,539268
276,J.B. Chemicals & Pharmaceuticals Lt,506943
277,Deepak Nitrite Limited,506401
278,Emami Ltd,531162
279,AFFLE 3I LIMITED,542752
280,Brigade Enterprises Limited,532929
281,ZF Commercial Vehicle Control Systems India Limited,533023
282,PNB Housing Finance Limited,540173
283,Star Health and Allied Insurance Company Limited,543412
284,Shyam Metalics and Energy Limited,543299
285,Urban Company Limited,544515
286,Firstsource Solutions Ltd.,532809
287,Dr. Lal Pathlabs Limited,539524
288,National Securities Depository Limited,544467
289,The Ramco Cements Limited,500260
290,Wockhardt Ltd,532300
291,Bayer CropScience Limited.,506285
292,Nuvama Wealth Management Limited,543988
293,Emcure Pharmaceuticals Limited,544210
294,Jyoti CNC Automation Limited,544081
295,Hindustan Copper Ltd.,513599
296,Amber Enterprises India Limited,540902
297,JSW Holdings Limited,532642
298,Inox Wind Limited,539083
299,Mangalore Refinery & Petrochemicals,500109
300,EIH Ltd,500840
301,SUN TV NETWORK LIMITED,532733
302,ANGEL ONE LIMITED,543235
303,Navin Fluorine International Limited,532504
304,Pfizer Ltd.,500680
305,Tata Chemicals Ltd,500770
306,Chambal Fertilisers & Chemicals Ltd,500085
307,Himadri Speciality Chemical Ltd.,500184
308,Timken India Ltd,522113
309,Welspun Corp Limited,532144
310,ADITYA BIRLA REAL ESTATE LIMITED,500040
311,TVS Holdings Limited,520056
312,SKF India Ltd.,500472
313,Aditya Birla Sun Life AMC Limited,543374
314,Eris Lifesciences Limited,540596
315,Poly Medicure Ltd,531768
316,KEC International Ltd.,532714
317,AstraZeneca Pharma India Ltd.,506820
318,CESC Limited,500084
319,Manappuram Finance Limited,531213
320,Ola Electric Mobility Limited,544225
321,PTC Industries Ltd.,539006
322,Crompton Greaves Consumer Electricals Limited,539876
323,PUNJAB & SIND BANK,533295
324,Reliance Power Limited,532939
325,Onesource Specialty Pharma Limited,544292
326,Redington Limited,532805
327,Devyani International Limited,543330
328,PG Electroplast Limited,533581
329,Castrol India Ltd,500870
330,Sundram Fasteners Ltd.,500403
331,BASF India Ltd,500042
332,Aadhar Housing Finance Limited,544176
333,Hatsun Agro Products Ltd.,531531
334,JSW CEMENT LIMITED,544480
335,Sagility Limited,544282
336,Kansai Nerolac Paints,500165
337,Chalet Hotels Limited,542399
338,KIOCL Limited,540680
339,KFin Technologies Limited,543720
340,Five-Star Business Finance Ltd.,543663
341,Atul Limited.,500027
342,CreditAccess Grameen Ltd.,541770
343,ELITECON INTERNATIONAL LIMITED,539533
344,KALPATARU PROJECTS INTERNATIONAL LIMITED,522287
345,Computer Age Management Services Limited,543232
346,Asahi India Glass Ltd.,515030
347,Anand Rathi Wealth Limited,543415
348,Brainbees Solutions Limited,544226
349,Force Motors Limited,500033
350,SCHNEIDER ELECTRIC INFRASTRUCTURE LIMITED,534139
351,ALEMBIC PHARMACEUTICALS LIMITED,533573
352,Vedant Fashions Limited,543463
353,Ratnamani Metals & Tubes Ltd,520111
354,DCM Shriram Limited,523367
355,IIFL FINANCE LIMITED ,532636
356,Bikaji Foods International Limited,543653
357,Grindwell Norton Ltd.,506076
358,Anant Raj Limited,515055
359,Vinati Organics Ltd.,524200
360,Carborundum Universal Ltd.,513375
361,Deepak Fertilizers &Petrochemicals,500645
362,Amara Raja Energy & Mobility Limited,500008
363,E.I.D. Parry (India) Ltd.,500125
364,Gujarat State Petronet Ltd.,532702
365,Zensar Technologies Ltd.,504067
366,Triveni Turbine Limited,533655
367,Concord Biotech Limited,543960
368,Aditya Birla Lifestyle Brands Limited,544403
369,HBL ENGINEERING LIMITED,517271
370,Ventive Hospitality Limited,544321
371,Sarda Energy & Minerals Ltd,504614
372,Kajaria Ceramics Ltd,500233
373,JUBILANT PHARMOVA LIMITED,530019
374,LMW Limited,500252
375,IRCON International Ltd,541956
376,eClerx Services Limited,532927
377,Neuland Laboratories Limited.,524558
378,Century Plyboards (India) Ltd.,532548
379,BEML Ltd,500048
380,Aptus Value Housing Finance India Limited,543335
381,SIGNATUREGLOBAL (INDIA) LIMITED,543990
382,Sai Life Sciences Limited,544306
383,Whirlpool of India Ltd,500238
384,Maharashtra Scooters Ltd.,500266
385,V-Guard Industries Ltd.,532953
386,NAVA LIMITED,513023
387,CIE Automotive India Limited,532756
388,UTI Asset Management Company Limited,543238
389,Techno Electric & Engineering Company Limited,542141
390,Afcons Infrastructure Limited,544280
391,International Gemmological Institute India Limited,544311
392,Elgi Equipments Ltd.,522074
393,Capri Global Capital Limited,531595
394,Natco Pharma Ltd.,524816
395,Akzo Nobel India Limited,500710
396,TRAVEL FOOD SERVICES LIMITED,544443
397,Caplin Point Laboratories Ltd.,524742
398,Aditya Birla Fashion and Retail Limited,535755
399,JBM Auto Limited,532605
400,Sobha Limited,532784
401,Indian Energy Exchange Limited,540750
402,ACME Solar Holdings Limited,544283
403,Bata India Limited,500043
404,Aarti Industries Ltd,524208
405,BLS International Services Ltd,540073
406,JUPITER WAGONS LIMITED,533272
407,DOMS Industries Limited,544045
408,NIVA BUPA HEALTH INSURANCE COMPANY LIMITED,544286
409,Kirloskar Brothers Ltd.,500241
410,Transformers and Rectifiers (India) Limited,532928
411,Zen Technologies Ltd.,533339
412,Aditya Infotech Limited,544466
413,Trident Ltd,521064
414,PCBL Chemical Limited,506590
415,LT Foods Limited,532783
416,Blue Dart Express Ltd.,526612
417,Rainbow Children's Medicare Limited,543524
418,IFCI Ltd.,500106
419,City Union Bank Ltd,532210
420,IndiaMART InterMESH Limited,542726
421,Godrej Agrovet Limited,540743
422,Data Patterns (India) Limited,543428
423,Fine Organic Industries Limited,541557
424,TBO TEK LIMITED,544174
425,Ather Energy Limited,544397
426,Newgen Software Technologies Limited,540900
427,AAVAS Financiers Limited,541988
428,Jindal Saw Ltd.,500378
429,RBL Bank Limited,540065
430,Choice International Ltd,531358
431,Supreme Petrochem Ltd.,500405
432,R R KABEL LIMITED,543981
433,Paradeep Phosphates Limited,543530
434,Schloss Bangalore Limited,544408
435,KSB LIMITED,500249
436,Great Eastern Shipping Co. Ltd.,500620
437,JM Financial Limited,523405
438,Swan Corp Limited,503310
439,Craftsman Automation Limited,543276
440,INTELLECT DESIGN ARENA LIMITED,538835
441,Ceat Ltd.,500878
442,Action Construction Equipments Ltd.,532762
443,NCC Limited,500294
444,Cyient Limited,532175
445,Blue Jet Healthcare Limited,544009
446,EMBASSY DEVELOPMENTS LIMITED,532832
447,Finolex Cables Ltd.,500144
448,Indegene Limited,544172
449,Nuvoco Vistas Corporation Limited,543334
450,GODAWARI POWER AND ISPAT LTD.,532734
451,Clean Science and Technology Limited,543318
452,Mahanagar Gas Limited,539957
453,GALLANTT ISPAT LIMITED,532726
454,Elecon Engineering Co.Ltd.,505700
455,Vardhman Textiles Limted,502986
456,Bombay Burmah Trading Corpn. Ltd.,501425
457,Sanofi India Ltd,500674
458,GRAVITA INDIA LIMITED,533282
459,Dr. Agarwal's Health Care Limited,544350
460,Cello World Limited,544012
461,Home First Finance Company India Limited,543259
462,Zydus Wellness Limited,531335
463,Gujarat Mineral Development Corpora,532181
464,JYOTHY LABS LIMITED,532926
465,Finolex Industries Ltd.,500940
466,RITES Limited,541556
467,WELSPUN LIVING LIMITED,514162
468,Kirloskar Oil Engines Limited,533293
469,Cemindia Projects Limited,509496
470,ALIVUS LIFE SCIENCES LIMITED,543322
471,Gabriel India Ltd.,505714
472,Vikram Solar Limited,544488
473,Minda Corporation Limited,538962
474,Reliance Infrastructure Ltd,500390
475,Allied Blenders and Distillers Limited,544203
476,Jaiprakash Power Ventures Limited,532627
477,Ingersoll-Rand (India) Ltd.,500210
478,Tata Teleservices (Maharashtra) Ltd.,532371
479,Tejas Networks Limited,540595
480,RailTel Corporation of India Limited,543265
481,G R Infraprojects Limited,543317
482,Granules India Ltd.,532482
483,Lemon Tree Hotels Limited,541233
484,Zee Entertainment Enterprises Ltd.,505537
485,Sanofi Consumer Healthcare India Limited,544250
486,NETWEB TECHNOLOGIES INDIA LIMITED,543945
487,TITAGARH RAIL SYSTEMS LIMITED,532966
488,Engineers India Ltd.,532178
489,SBFC Finance Limited,543959
490,HFCL LIMITED,500183
491,Syrma SGS Technology Limited,543573
492,NMDC Steel Limited,543768
493,Anupam Rasayan India Limited,543275
494,Jubilant Ingrevia Limited,543271
495,Balrampur Chini Mills Ltd.,500038
496,Jammu and Kashmir Bank Ltd.,532209
497,ramkrishna forgings Ltd.,532527
498,BELRISE INDUSTRIES LIMITED,544405
499,WESTLIFE FOODWORLD LIMITED,505533
500,Relaxo Footwears Ltd.,530517
501,Tega Industries Limited,543413
502,BIRLASOFT LIMITED,532400
503,Prudent Corporate Advisory Services Limited,543527
504,Eureka Forbes Limited,543482
505,OLECTRA GREENTECH LIMITED,532439
506,CCL Products (India) Ltd.,519600
507,Shakti Pumps (India) Ltd.,531431
508,Nazara Technologies Limited,543280
509,Sonata Software Ltd.,532221
510,Usha Martin Ltd.,517146
511,India Cements Ltd.,530005
512,WAAREE RENEWABLE TECHNOLOGIES LIMITED,534618
513,Vesuvius India Ltd.,520113
514,Sammaan Capital Limited,535789
515,Safari Industries (India) Ltd.,523025
516,Genus Power Infrastructures Ltd,530343
517,INOX India Limited,544046
518,SHRIRAM PISTONS & RINGS LTD,544344
519,JK Lakshmi Cement Limited,500380
520,Vijaya Diagnostic Centre Limited,543350
521,Graphite India Ltd.,509488
522,VALOR ESTATE LIMITED,533160
523,Azad Engineering Limited,544061
524,Alkyl Amines Chemicals Ltd.,506767
525,Sapphire Foods India Limited,543397
526,Avanti Feeds ltd.,512573
527,Aether Industries Limited,543534
528,Jai Balaji Industries Limited,532976
529,Medplus Health Services Limited,543427
530,Chennai Petroleum Corporation Ltd.,500110
531,Can Fin Homes Ltd.,511196
532,ACUTAAS CHEMICALS LIMITED,543349
533,Marksans Pharma Ltd.,524404
534,PVR INOX LIMITED,532689
535,Birla Corporation Ltd.,500335
536,Saregama India Ltd.,532163
537,RHI MAGNESITA INDIA LIMITED,534076
538,Sudarshan Chemical Indus. Ltd.,506655
539,C.E. Info Systems Limited,543425
540,MMTC Ltd.,513377
541,Edelweiss Financial Services Ltd.,532922
542,HEG Ltd.,509631
543,PROCTER & GAMBLE HEALTH LIMITED,500126
544,India Shelter Finance Corporation Limited,544044
545,Star Cement Limited,540575
546,Metropolis Healthcare Limited,542650
547,Time Technoplast Limited,532856
548,Jupiter Life Line Hospitals Limited,543980
549,Shipping Corporation Of India Ltd,523598
550,Power Mech Projects Limited,539302
551,JK Tyre & Industries Ltd.,530007
552,KPI Green Energy Limited,542323
553,ASK Automotive Limited,544022
554,Astra Microwave Products Ltd.,532493
555,VA Tech Wabag Limited,533269
556,Jeena Sikho Lifecare Limited,544476
557,Alok Industries Ltd.,521070
558,Sri Lotus Developers and Realty Limited,544469
559,Kama Holdings Limited,532468
560,Honasa Consumer Limited,544014
561,CarTrade Tech Limited,543333
562,IIFL CAPITAL SERVICES LIMITED,542773
563,Maharashtra Seamless Ltd.,500265
564,Happiest Minds Technologies Limited,543227
565,LLOYDS ENTERPRISES LIMITED,512463
566,Bengal & Assam Company Limited,533095
567,PRIVI SPECIALITY CHEMICALS LIMITED,530117
568,Kirloskar Ferrous Industries Ltd.,500245
569,Mrs. Bectors Food Specialities Limited,543253
570,BlueStone Jewellery and Lifestyle Limited,544484
571,Arvind Ltd.,500101
572,Transrail Lighting Limited,544317
573,PC JEWELLER LIMITED,534809
574,TTK Prestige Ltd.,517506
575,Transport Corporation of India Ltd,532349
576,BlackBuck Limited,544288
577,Ujjivan Small Finance Bank Limited,542904
578,Oswal Pumps Limited,544418
579,Elantas Beck India Ltd,500123
580,KRBL Ltd.,530813
581,Praj Industries Ltd.,522205
582,Happy Forgings Limited,544057
583,GARWARE TECHNICAL FIBRES LIMITED,509557
584,Latent View Analytics Limited,543398
585,Galaxy Surfactants Limited,540935
586,Triveni Engineering & Industries Ltd,532356
587,VOLTAMP TRANSFORMERS LIMITED,532757
588,Shaily Engineering Plastics Ltd.,501423
589,LLOYDS ENGINEERING WORKS LIMITED,539992
590,Kirloskar Pneumatic Co.Ltd.,505283
591,HealthCare Global Enterprises Limited,539787
592,GMR Power and Urban Infra Limited,543490
593,Rashtriya Chemicals & Fertilizers Limited,524230
594,Nesco Ltd,505355
595,Kalpataru Limited,544423
596,GARWARE HI-TECH FILMS LIMITED,500655
597,Campus Activewear Limited,543523
598,Cera Sanitaryware Ltd.,532443
599,ISGEC Heavy Engineering Limited,533033
600,TANLA PLATFORMS LIMITED,532790
601,Manorama Industries Limited,541974
602,Akums Drugs and Pharmaceuticals Limited,544222
603,Varroc Engineering Limited,541578
604,Network 18 Media & Investments Limited,532798
605,Banco Products (India) Ltd.,500039
606,TIPS MUSIC LIMITED,532375
607,Le Travenues Technology Limited,544192
608,GANESH HOUSING LIMITED,526367
609,Sansera Engineering Limited,543358
610,BLACK BOX LIMITED,500463
611,Gujarat State Fertilizers & Chem.Ltd,500690
612,Shilpa Medicare Ltd.,530549
613,Archean Chemical Industries Limited,543657
614,Religare Enterprises Ltd,532915
615,Epigral Limited,543332
616,Esab India Ltd.,500133
617,Dodla Dairy Limited,543306
618,P N GADGIL JEWELLERS LIMITED,544256
619,Aurionpro Solutions Ltd.,532668
620,Aarti Pharmalabs Limited,543748
621,TD Power Systems Ltd,533553
622,Sandur Manganese & Iron Ores Ltd.,504918
623,Gujarat Narmada Valley Fert.Co.Ltd,500670
624,ELLENBARRIE INDUSTRIAL GASES LIMITED,544421
625,CMS Info Systems Limited,543441
626,AJAX Engineering Limited,544356
627,PNC Infratech Limited,539150
628,Symphony Limited,517385
629,Thomas Cook (India) Ltd.,500413
630,REDTAPE Limited,543957
631,Max Estates Limited,544008
632,FDC Ltd.,531599
633,Tilaknagar Industries Ltd,507205
634,Just Dial Limited,535648
635,South Indian Bank Ltd.,532218
636,Sheela Foam Limited,540203
637,STRIDES PHARMA SCIENCE LIMITED,532531
638,PRISM JOHNSON LIMITED.,500338
639,Gujarat Pipavav Port Limited,533248
640,Mastek Limited,523704
641,RATTANINDIA ENTERPRISES LIMITED,534597
642,Keystone Realtors Limited,543669
643,BOROSIL RENEWABLES LIMITED,502219
644,Dilip Buildcon Limited,540047
645,Ion Exchange (India) Ltd,500214
646,Mishra Dhatu Nigam Limited,541195
647,MOIL Limited,533286
648,EPL LIMITED,500135
649,Sharda Cropchem Limited,538666
650,Karnataka Bank Ltd.,532652
651,BALU FORGE INDUSTRIES LIMITED,531112
652,Dhanuka Agritech Ltd.,507717
653,Bajaj Electricals Ltd.,500031
654,Tamilnad Mercantile Bank Limited,543596
655,Equitas Small Finance Bank Limited,543243
656,Mahindra Holidays & Resorts India Limited,533088
657,Mahindra Lifespace Developers Ltd.,532313
658,Welspun Enterprises Limited,532553
659,H.G. Infra Engineering Limited,541019
660,Raymond Lifestyle Limited,544240
661,ETHOS LIMITED,543532
662,Diamond Power Infrastructure Limited,522163
663,Chemplast Sanmar Limited,543336
664,STERLING AND WILSON RENEWABLE ENERGY LIMITED,542760
665,Seshaasai Technologies Limited,544533
666,Electrosteel Castings Ltd.,500128
667,Surya Roshni Ltd.,500336
668,RattanIndia Power Limited,533122
669,Juniper Hotels Limited,544129
670,Shree Renuka Sugars Ltd.,532670
671,Kovai Medical Center & Hospital Ltd,523323
672,CSB Bank Limited,542867
673,Kaveri Seed Company Ltd,532899
674,Puravankara Limited,532891
675,Arvind Fashions Limited,542484
676,Lumax Auto Technologies Ltd.,532796
677,Hindustan Foods Ltd.,519126
678,V-Mart Retail Limited,534976
679,Technocraft Industries (India) Ltd.,532804
680,Ahluwalia Contracts (India) Ltd,532811
681,V2 Retail Limited,532867
682,MAN INFRACONSTRUCTION LIMITED,533169
683,Gokaldas Exports Ltd,532630
684,Atlanta Electricals Limited,544527
685,Thangamayil Jewellery Limited,533158
686,Apollo Micro Systems Limited,540879
687,JK Paper Ltd.,532162
688,ICRA Limited,532835
689,Sunteck Realty Ltd,512179
690,Rallis India Ltd,500355
691,Greenlam Industries Ltd,538979
692,KNR Constructions Limited,532942
693,Pearl Global Industries Limited,532808
694,Texmaco Rail & Engineering Limited,533326
695,Suprajit Engineering Ltd.,532509
696,Gulf Oil Lubricants India Limited,538567
697,FISCHER MEDICAL VENTURES LIMITED,524743
698,Route Mobile Limited,543228
699,eMudhra Limited,543533
700,IFB Industries Limited,505726
701,Bansal Wire Industries Limited,544209
702,CRIZAC LIMITED,544439
703,INOX GREEN ENERGY SERVICES LIMITED,543667
704,Senco Gold Limited,543936
705,RateGain Travel Technologies Limited,543417
706,ORIENT CEMENT LIMITED,535754
707,YATHARTH HOSPITAL & TRAUMA CARE SERVICES LIMITED,543950
708,Avalon Technologies Limited,543896
709,Shoppers Stop Ltd,532638
710,Paras Defence and Space Technologies Limited,543367
711,GHCL Ltd.,500171
712,Thyrocare Technologies Limited,539871
713,Rajesh Exports Ltd.,531500
714,Piccadily Agro Industries ltd.,530305
715,Unimech Aerospace and Manufacturing Limited,544322
716,TVS Supply Chain Solutions Limited,543965
717,Saatvik Green Energy Limited,544526
718,Indo Count Industries Ltd,521016
719,Websol Energy System Limited,517498
720,Sharda Motor Industries Ltd,535602
721,Skipper Limited,538562
722,V.I.P. Industries Ltd.,507880
723,Pricol Limited,540293
724,Supriya Lifescience Limited,543434
725,Aditya Vision Limited,540205
726,Ashoka Buildcon Limited,533271
727,Shilchar Technologies Ltd.,531201
728,SMARTWORKS COWORKING SPACES LIMITED,544447
729,Raymond Limited,500330
730,AGI GREENPAC LIMITED,500187
731,Pilani Investment And Industries Corporation Limited,539883
732,Responsive Industries Ltd,505509
733,Laxmi Organic Industries Limited,543277
734,The Anup Engineering Ltd,542460
735,Refex Industries Limited,532884
736,MAS Financial Services Limited,540749
737,Entero Healthcare Solutions Limited,544122
738,Subros Ltd.,517168
739,PDS LIMITED,538730
740,India Glycols Ltd,500201
741,PTC India Ltd,532524
742,National Standard (India) Limited,504882
743,GMM Pfaudler Ltd.,505255
744,Indigo Paints Limited,543258
745,INSOLATION ENERGY LIMITED,543620
746,ZAGGLE PREPAID OCEAN SERVICES LIMITED,543985
747,J. Kumar Infraprojects Limited,532940
748,Electronics Mart India Limited,543626
749,Hindustan Construction Co. Ltd.,500185
750,INFIBEAM AVENUES LIMITED,539807
751,SIS LIMITED,540673
752,AXISCADES TECHNOLOGIES LIMITED,532395
753,Gujarat Ambuja Exports Ltd.,524226
754,KRN HEAT EXCHANGER AND REFRIGERATION LIMITED,544263
755,SpiceJet Limited,500285
756,Jindal Worldwide Ltd.,531543
757,Styrenix Performance Materials Limited,506222
758,Optiemus Infracom Limited,530135
759,JANA SMALL FINANCE BANK LIMITED,544118
760,INNOVA CAPTAB LIMITED,544067
761,India Tourism Development Corporati,532189
762,TARC LIMITED,543249
763,Swaraj Engines Ltd.,500407
764,Sun Pharma Advanced Research Company Ltd.,532872
765,Kennametal India Limtied,505890
766,QUALITY POWER ELECTRICAL EQUIPMENTS LIMITED,544367
767,Sunflag Iron & Steel Co. Ltd.,500404
768,Rain Industries Limited,500339
769,Balaji Amines Ltd.,530999
770,Sterlite Technologies Limited.,532374
771,Bannari Amman Sugars Ltd.,500041
772,Quess Corp Limited,539978
773,VRL Logistics Limited,539118
774,VST Industries Ltd.,509966
775,Greaves Cotton Ltd.,501455
776,R Systems International Limited,532735
777,FIEM INDUSTRIES LIMITED,532768
778,MTAR Technologies Limited,543270
779,CARE Ratings Limited,534804
780,Nirlon Limited,500307
781,Kitex Garmenets Ltd.,521248
782,Johnson Controls-Hitachi Air Conditioning India Ltd.,523398
783,Suven Life Sciences Ltd.,530239
784,NIIT Learning Systems Limited,543952
785,INDIQUBE SPACES LIMITED,544454
786,Orient Electric Limited,541301
787,Sky Gold And Diamonds Limited,541967
788,Raymond Realty Limited,544420
789,National Fertilizers Ltd.,523630
790,Restaurant Brands Asia Limited,543248
791,D.B.Corp Limited,533151
792,HeidelbergCement  India Limited,500292
793,Bondada Engineering Limited,543971
794,Dynamatic Technologies Ltd.,505242
795,Jayaswal Neco Industries Ltd,522285
796,Samhi Hotels Limited,543984
797,Ceigall India Limited,544223
798,MAGELLANIC CLOUD LIMITED,538891
799,NACL Industries Limited,524709
800,Hawkins Cooker Ltd.,508486
801,Ashapura Minechem Ltd,527001
802,Datamatics Global Services Limited,532528
803,Awfis Space Solutions Limited,544181
804,Sequent Scientific Limited,512529
805,SUNDARAM-CLAYTON LIMITED,544066
806,Gokul Agro Resources Ltd,539725
807,Gujarat Alkalis & Chemicals Ltd.,530001
808,Camlin Fine Sciences Ltd,532834
809,Fedbank Financial Services Limited,544027
810,Cigniti Technologies Ltd,534758
811,Kingfa Science & Technology (India) Ltd,524019
812,Go Fashion (India) Limited,543401
813,LUX Industries Limited,539542
814,Gopal Snacks Limited,544140
815,DCB Bank Limited,532772
816,Heritage Foods Limited,519552
817,Hikal Ltd.,524735
818,Aarti Drugs Limited,524348
819,WPIL Ltd,505872
820,MPS Limited,532440
821,ENVIRO INFRA ENGINEERS LIMITED,544290
822,Prime Focus Limited,532748
823,Uflex Limited,500148
824,Grauer & Weil (India) Ltd.,505710
825,Indian Metals & Ferro Alloys Limited,533047
826,Neogen Chemicals Limited,542665
827,IndoStar Capital Finance Limited,541336
828,Shreeji Shipping Global Limited,544490
829,Wonderla Holidays Limited,538268
830,63 Moons Technologies Limited,526881
831,SG MART LIMITED,512329
832,L.g.Balkrishnan & Bros. Ltd.,500250
833,Borosil Limited,543212
834,Indraprastha Medical Corporation Lt,532150
835,Vadilal Industries Ltd.,519156
836,Unichem Laboratories Ltd.,506690
837,Protean eGov Technologies Limited,544021
838,Network People Services Technologies Limited,544396
839,Sanathan Textiles Limited,544314
840,Ujaas Energy Limited,533644
841,Shanthi Gears Ltd.,522034
842,Hemisphere Properties India Limited,543242
843,GNG Electronics Limited,544455
844,Goldiam International Ltd.,526729
845,Kirloskar Industries Ltd,500243
846,Rolex Rings Limited,543325
847,SML ISUZU LIMITED,505192
848,Vaibhav Global Ltd,532156
849,Dishman Carbogen Amcis Limited,540701
850,Greenply Industries Ltd,526797
851,TANFAC Industries Ltd.,506854
852,Sindhu Trade Links Limited,532029
853,RPG Life Sciences Limited,532983
854,Avantel Limited,532406
855,Dhani Services Limited,532960
856,Jain Irrigation Systems Ltd.,500219
857,Kothari Industrial Corpn. Ltd.,509732
858,Orchid Pharma Limited,524372
859,Bhagiradha Chemicals and Industries,531719
860,JTEKT India Limited,520057
861,Northern Arc Capital Ltd.,544260
862,S.J.S. Enterprises Limited,543387
863,Ganesha Ecosphere Limited,514167
864,Gujarat Themis Biosyn Ltd.,506879
865,Easy Trip Planners Limited,543272
866,V.S.T.Tillers Tractors Ltd.,531266
867,Ramky Infrastructure Limited,533262
868,ROSSARI BIOTECH LIMITED,543213
869,Jamna Auto Industries Ltd.,520051
870,Polyplex Corporation Ltd.,524051
871,RRP SEMICONDUCTOR LIMITED,504346
872,Gufic BioSciences Ltd.,509079
873,PITTI ENGINEERING LIMITED,513519
874,Cyient DLM Limited,543933
875,Harsha Engineers International Limited,543600
876,Steel Strips & Wheels Ltd,513262
877,Kalyani Steels Ltd,500235
878,MSTC Limited,542597
879,Balmer Lawrie & Co. Ltd.,523319
880,IMAGICAAWORLD ENTERTAINMENT LIMITED,539056
881,Share India Securities Limited,540725
882,SAMBHV STEEL TUBES LIMITED,544430
883,Nalwa Sons Investment Ltd,532256
884,Marathon Nextgen Realty Ltd,503101
885,Medi Assist Healthcare Services Limited,544088
886,EPACK Durable Limited,544095
887,Ajmera Realty & Infra India Limited,513349
888,Advanced Enzyme Technologies Limited,540025
889,MOSCHIP TECHNOLOGIES LIMITED,532407
890,Prince Pipes and Fittings Limited,542907
891,Hubtown Limited,532799
892,Artemis Medicare Services Limited,542919
893,D P ABHUSHAN LIMITED,544161
894,Cupid Limited,530843
895,JASH ENGINEERING LIMITED,544402
896,Patel Engineering Ltd,531120
897,STANDARD GLASS LINING TECHNOLOGY LIMITED,544333
898,Bharat Bijlee Ltd.,503960
899,BHARAT GLOBAL DEVELOPERS LIMITED,521238
900,Kolte-Patil Developers Ltd,532924
901,Interarch Building Solutions Limited,544232
902,ARKADE DEVELOPERS LIMITED,544261
903,TCPL Packaging Limited,523301
904,Centum Electronics Ltd,517544
905,GK ENERGY LIMITED,544525
906,Mangalore Chemicals & Fertilisers L,530011
907,EMS LIMITED,543983
908,MARSONS LIMITED,517467
909,Apeejay Surrendra Park Hotels Limited,544111
910,Vishnu Chemicals Limited,516072
911,Goodluck India Limited,530655
912,KIRI INDUSTRIES LIMITED,532967
913,KDDL Ltd,532054
914,Greenpanel Industries Limited,542857
915,Prabha Energy Limited,544379
916,HPL Electric & Power Limited,540136
917,Bombay Dyeing & Mfg. Co. Ltd.,500020
918,West Coast Paper Mills Limited,500444
919,Navneet Education Limited,508989
920,Gateway Distriparks Limited,543489
921,ASM Technologies Ltd.,526433
922,Allcargo Logistics Ltd,532749
923,Brigade Hotel Ventures Limited,544457
924,TeamLease Services Limited,539658
925,Pennar Industries Ltd.,513228
926,S H Kelkar and Company Limited,539450
927,Dalmia Bharat Sugar and Industries Ltd,500097
928,Digitide Solutions Limited,544413
929,SUNDROP BRANDS LIMITED,500215
930,Lumax Industries Ltd.,517206
931,Morepen Laboratories Ltd.,500288
932,LS Industries Limited,514446
933,Kewal Kiran Clothing Ltd.,532732
934,Sagar Cements Ltd,502090
935,Ashiana Housing Limited,523716
936,Siyaram Silk Mills Ltd.,503811
937,DCX Systems Limited,543650
938,Foseco India Ltd,500150
939,NOCIL Ltd,500730
940,EFC (I) LIMITED,512008
941,Globus Spirits Limited,533104
942,Precision Wires India ltd.,523539
943,K.P. Energy Limited,539686
944,Flair Writing Industries Limited,544030
945,Deep Industries Limited,543288
946,DDEV PLASTIKS INDUSTRIES LIMITED,543547
947,Gujarat Industries Power Co. Ltd,517300
948,RAGHAV PRODUCTIVITY ENHANCERS LIMITED,539837
949,Arvind SmartSpaces Limited,539301
950,Prakash Industries Ltd.,506022
951,Pokarna Ltd.,532486
952,PAISALO DIGITAL LIMITED,532900
953,RPSG VENTURES LIMITED,542333
954,TechNVision Ventures Limited,501421
955,Ram Ratna Wires Ltd.,522281
956,BF Utilities Ltd.,532430
957,Mahanagar Telephone Nigam Ltd.,500108
958,Jubilant Agri and Consumer Products Limited,544355
959,Shivalik Bimetal Controls Ltd.,513097
960,Bajaj Hindusthan Sugar Limited,500032
961,Fineotex Chemical Limited,533333
962,Thirumalai Chemicals Ltd.,500412
963,Stylam Industries Limited,526951
964,HLE GLASCOAT LIMITED,522215
965,Windsor Machines Limited,522029
966,BAJAJ CONSUMER CARE LIMITED,533229
967,JTL INDUSTRIES LIMITED,534600
968,Solarworld Energy Solutions Limited,544532
969,PSP Projects Limited,540544
970,Som Distilleries & Breweries Ltd.,507514
971,ANAND RATHI SHARE AND STOCK BROKERS LIMITED,544530
972,Alembic  Ltd,506235
973,FUSION FINANCE LIMITED,543652
974,SOLARA ACTIVE PHARMA SCIENCES LIMITED,541540
975,Nucleus Software Exports Ltd,531209
976,Sandhar Technologies Limited,541163
977,Venus Pipes & Tubes Limited,543528
978,Savita Oil Technologies Limited,524667
979,Capacit'e Infraprojects Limited,540710
980,SENORES PHARMACEUTICALS LIMITED,544319
981,La Opala RG Ltd.,526947
982,Panacea Biotec Ltd.,531349
983,CEINSYS TECH LIMITED,538734
984,Bhansali Engineering Polymers Ltd.,500052
985,TCI Express Limited,540212
986,Premier Explosives Ltd.,526247
987,HMT Limited,500191
988,HONDA INDIA POWER PRODUCTS LIMITED,522064
989,Mahindra Logistics Limited,540768
990,Parag Milk Foods Limited,539889
991,Nitco Ltd.,532722
992,ADF Foods Limited.,519183
993,Federal-Mogul Goetze (India) Ltd,505744
994,Jindal Poly Films Ltd.,500227
995,Pondy Oxides & Chemicals Limited,532626
996,Vikran Engineering Limited,544496
997,Elcid Investments Ltd.,503681
998,Taj GVK Hotels & Resorts Ltd.,532390
999,Automotive Axles Ltd.,505010
1000,Hathway Cable & Datacom Limited,533162
1001,Eveready Industries India Ltd.,531508
1002,Genesys International Corporation Ltd.,506109
1003,NRB Bearings Ltd.,530367
1004,Monarch Networth Capital Limited,511551
1005,Sanghvi Movers Ltd.,530073
1006,IOL Chemicals & Pharmaceuticals Ltd,524164
1007,Oriental Hotels Ltd.,500314
1008,Indoco Remedies Ltd.,532612
1009,Tasty Bite Eatables Ltd.,519091
1010,KP GREEN ENGINEERING LIMITED,544150
1011,Muthoot Microfin Limited,544055
1012,Prataap Snacks Limited,540724
1013,Vimta Labs Ltd.,524394
1014,UTKARSH SMALL FINANCE BANK LIMITED,543942
1015,BRIGHTCOM GROUP LIMITED,532368
1016,Timex Group India Ltd,500414
1017,Man Industries (India) Ltd,513269
1018,Nilkamal Limited,523385
1019,EURO PRATIK SALES LIMITED,544519
1020,Cosmo First Limited,508814
1021,Spectrum Electrical Industries Limited,544386
1022,Repco Home Finance Limited,535322
1023,Krsnaa Diagnostics Limited,543328
1024,Hinduja Global Solutions Limited,532859
1025,Ramco Industries Ltd,532369
1026,M & B ENGINEERING LIMITED,544470
1027,RAVINDRA ENERGY LIMITED,504341
1028,Insecticides India Ltd.,532851
1029,Bajel Projects Limited,544042
1030,PTC India Financial Services Limited,533344
1031,RAJESH POWER SERVICES LIMITED ,544291
1032,AGI Infra Limited,539042
1033,CARRARO INDIA LIMITED,544320
1034,SEPC LIMITED,532945
1035,Tourism Finance Corpn. Of India Ltd,526650
1036,Sula Vineyards Limited,543711
1037,Shipping Corporation of India Land and Assets Limited,544142
1038,Aeroflex Industries Limited,543972
1039,Delta Corp Limited,532848
1040,Mayur Uniquoters ltd.,522249
1041,Hind Rectifiers Ltd.,504036
1042,BN AGROCHEM LIMITED,526125
1043,EIH Associated Hotels Ltd.,523127
1044,Filatex India Ltd.,526227
1045,Novartis India Limited.,500672
1046,CARYSIL LIMITED,524091
1047,DCW Ltd.,500117
1048,Sai Silks (Kalamandir) Limited,543989
1049,Hindustan Oil Exploration Co. Ltd.,500186
1050,Sika Interplant Systems Ltd.,523606
1051,TVS Srichakra Ltd.,509243
1052,STRING METAVERSE LIMITED,534535
1053,Mold-Tek Packaging Limited,533080
1054,Kilburn Engineering Ltd,522101
1055,Seamec Ltd,526807
1056,Universal Cables Ltd.,504212
1057,Baazar Style Retail Limited,544243
1058,India Pesticides Limited,543311
1059,NDR Auto Components Limited,543214
1060,SUMMIT SECURITIES LTD.,533306
1061,Hindware Home Innovation Limited,542905
1062,SG FINSERVE LIMITED,539199
1063,Vardhman Special Steels Ltd,534392
1064,Sasken Technologies Limited,532663
1065,Venky's (India) ltd.,523261
1066,YASHO INDUSTRIES LIMITED,541167
1067,Tatva Chintan Pharma Chem Limited,543321
1068,Goodyear India Ltd.,500168
1069,Geojit Financial Services Limited,532285
1070,Fino Payments Bank Limited,543386
1071,WELSPUN SPECIALTY SOLUTIONS LIMITED,500365
1072,EXICOM TELE-SYSTEMS LIMITED,544133
1073,Dollar Industries Limited,541403
1074,Laxmi Dental Limited,544339
1075,WONDER ELECTRICALS LIMITED,543449
1076,Shalby Limited,540797
1077,Meghmani Organics Limited,543331
1078,Sri Adhikari Brothers Television Ne,530943
1079,Indian Hume Pipe Co. Ltd.,504741
1080,IDEAFORGE TECHNOLOGY LIMITED,543932
1081,CANTABIL RETAIL INDIA LIMITED,533267
1082,Shankara Building Products Limited,540425
1083,Afcom Holdings Limited,544224
1084,Indo Tech Transformers Limited,532717
1085,SMS Pharmaceuticals Ltd,532815
1086,Kalyani Investment Company Limited,533302
1087,Steelcast Ltd.,513517
1088,NIBE LIMITED,535136
1089,Rane Holdings Ltd.,505800
1090,Panama Petrochem Ltd.,524820
1091,Jyoti Structures Ltd.,513250
1092,Indo Thai Securities Limited,533676
1093,Sirca Paints India Limited,543686
1094,Sangam (India) Ltd,514234
1095,Mangalam Cement Ltd.,502157
1096,Blue Pearl Agriventures Limited,514440
1097,LANDMARK CARS LIMITED,543714
1098,TIL Ltd.,505196
1099,ACCELYA SOLUTIONS INDIA LIMITED,532268
1100,Deccan Gold Mines Ltd.,512068
1101,Pix Transmissions Ltd.,500333
1102,Dr.Agarwals Eye Hospital Ltd.,526783
1103,Nitin Spinners Ltd.,532698
1104,GRM Overseas Ltd.,531449
1105,STOVE KRAFT LIMITED,543260
1106,CITY PULSE MULTIVENTURES LIMITED,542727
1107,Vidhi Specialty Food Ingredients Limited,531717
1108,One Mobikwik Systems Limited,544305
1109,Simplex Infrastructures Limited,523838
1110,Nelco Ltd,504112
1111,Disa India Ltd.,500068
1112,Somany Ceramics Limited,531548
1113,Windlas Biotech Limited,543329
1114,GE Power India Limited,532309
1115,Jai Corp Limited,512237
1116,SPICE LOUNGE FOOD WORKS LIMITED,539895
1117,GTL Infrastructure Limited,532775
1118,Spandana Sphoorty Financial Limited,542759
1119,Associated Alcohols & Breweries Ltd,507526
1120,S.P. Apparels Limited,540048
1121,Rajoo Engineers Ltd.,522257
1122,Rashi Peripherals Limited,544119
1123,HI-TECH PIPES LIMITED,543411
1124,Apcotex Industries Limited,523694
1125,VISHNU PRAKASH R PUNGLIA LIMITED,543974
1126,Dynamic Cables Limited,540795
1127,RIR POWER ELECTRONICS LIMITED,517035
1128,Tarsons Products Limited,543399
1129,Polo Queen Industrial and Fintech Limited ,540717
1130,Rajratan Global Wire Ltd,517522
1131,Wendt (India) Ltd.,505412
1132,UGRO CAPITAL LIMITED,511742
1133,Updater Services Limited,543996
1134,Jaykay Enterprises Limited,500306
1135,ALL TIME PLASTICS LIMITED,544479
1136,Motisons Jewellers Limited,544053
1137,DEE DEVELOPMENT ENGINEERS LIMITED,544198
1138,Rane (Madras)  Ltd.,532661
1139,JOHN COCKERILL INDIA LIMITED,500147
1140,Unitech Ltd.,507878
1141,Jindal Drilling & Industries Ltd.,511034
1142,STANLEY LIFESTYLES LIMITED,544202
1143,ADVAIT ENERGY TRANSITIONS LIMITED,543230
1144,Dredging Corporation of India Ltd.,523618
1145,JNK India Limited,544167
1146,Knowledge Marine & Engineering Works Limited,543273
1147,Quadrant Future Tek Limited,544336
1148,BF Investment Limited,533303
1149,Rossell Techsys Limited,544294
1150,Vindhya Telelinks Ltd.,517015
1151,R M DRIP AND SPRINKLERS SYSTEMS LIMITED,544456
1152,Balmer Lawrie Investments Ltd.,532485
1153,APOLLO PIPES LIMITED,531761
1154,SHRINGAR HOUSE OF MANGALSUTRA LIMITED,544512
1155,Precision Camshafts Limited,539636
1156,TCC CONCEPT LIMITED,512038
1157,Himatsingka Seide Ltd.,514043
1158,DIVGI TORQTRANSFER SYSTEMS LIMITED,543812
1159,Mukand Ltd.,500460
1160,Veranda Learning Solutions Limited,543514
1161,PNB Gilts Ltd,532366
1162,Confidence Petroleum India Limited,526829
1163,D-Link (India) Ltd,533146
1164,Seshasayee Paper & Boards Ltd.,502450
1165,Kernex Microsystems (India) Ltd.,532686
1166,ALGOQUANT FINTECH LIMITED,505725
1167,TTK Healthcare Ltd.,507747
1168,Talbros Automotive Components Ltd.,505160
1169,IFGL Refractories Limited,540774
1170,Quick Heal Technologies Limited,539678
1171,Systematix Corporate Services Ltd.,526506
1172,Syncom Formulations (India) Ltd.,524470
1173,CIAN Agro Industries & Infrastructure Limited,519477
1174,Rama Steel Tubes Limited,539309
1175,Navkar Corporation Limited,539332
1176,SATIN CREDITCARE NETWORK LIMITED,539404
1177,DEN Networks Limited,533137
1178,SPML Infra Limited,500402
1179,Ador Welding Ltd.,517041
1180,India Nippon Electricals Ltd,532240
1181,ASTEC LIFESCIENCES LIMITED,533138
1182,GOCL Corporation Limited,506480
1183,NIIT Ltd.,500304
1184,YATRA ONLINE LIMITED,543992
1185,IKIO Technologies Limited,543923
1186,Master Trust Ltd.,511768
1187,DAM Capital Advisors Limited,544316
1188,Antony Waste Handling Cell Limited,543254
1189,MSP STEEL & POWER LTD.,532650
1190,M.M.Forgings Ltd.,522241
1191,Uniparts India Limited,543689
1192,SANSTAR LIMITED,544217
1193,CROPSTER AGRO LIMITED,523105
1194,BLS E-Services Limited,544107
1195,SHANTI GOLD INTERNATIONAL LIMITED,544459
1196,Jaro Institute of Technology Management and Research Limited,544534
1197,OMAXE LIMITED,532880
1198,EXPLEO SOLUTIONS LIMITED,533121
1199,Sanghi Industries Ltd.,526521
1200,J.G.Chemicals Limited,544138
1201,RUPA & COMPANY LIMITED,533552
1202,Arman Financial Services Limited,531179
1203,Tinna Rubber and Infrastructure Limited,530475
1204,Arihant Superstructures Limited,506194
1205,Roto Pumps Ltd.,517500
1206,VINTAGE COFFEE AND BEVERAGES LIMITED,538920
1207,SURAKSHA DIAGNOSTIC LIMITED,544293
1208,ECOS (India) Mobility & Hospitality Limited,544239
1209,Bajaj Healthcare Limited,539872
1210,GPT Infraprojects limited,533761
1211,Dolphin Offshore Enterprises (India) ltd.,522261
1212,HUHTAMAKI INDIA LIMITED,509820
1213,G.M. Breweries Ltd.,507488
1214,Salzer Electronics Ltd.,517059
1215,Paramount Communications Ltd.,530555
1216,PAUSHAK LIMITED (formerly known as Darshak Limited),532742
1217,HMA Agro Industries Limited,543929
1218,DOLAT ALGOTECH LIMITED,505526
1219,Hester Biosciences Ltd,524669
1220,BIRLANU LIMITED,509675
1221,Orient Green Power Company Limited,533263
1222,Chaman Lal Setia Exports Ltd.,530307
1223,Igarashi Motors India Ltd.,517380
1224,KESAR INDIA LIMITED,543542
1225,Jagran Prakashan Limited,532705
1226,ESAF Small Finance Bank Ltd,544020
1227,Jyoti Resins & Adhesives Ltd,514448
1228,Jagsonpal Pharmaceuticals Limited,507789
1229,Finkurve Financial Services Limited,508954
1230,Elpro International Ltd.,504000
1231,Gandhar Oil Refinery (India) Limited,544029
1232,Amic Forging Limited,544037
1233,ANDHRA PAPER LIMITED,502330
1234,Frontier Springs Ltd.,522195
1235,Ramco Systems Ltd,532370
1236,Bliss GVS Pharma Limited,506197
1237,Shriram Properties Limited,543419
1238,Saraswati Commercial (India) Ltd.,512020
1239,Platinum Industries Limited,544134
1240,B L Kashyap and Sons Ltd,532719
1241,Lotus Chocolate Co. Ltd.,523475
1242,Sigachi Industries Limited,543389
1243,Suraj Estate Developers Limited,544054
1244,IVALUE INFOSOLUTIONS LIMITED,544523
1245,Excell Industries Ltd.,500650
1246,Everest Kanto Cylinders Ltd.,532684
1247,GHV INFRA PROJECTS LIMITED,505504
1248,Media Matrix Worldwide Ltd.,512267
1249,SMC Global Securities Limited,543263
1250,DCM Shriram Industries Ltd.,523369
1251,Shanti Educational Initiatives Limited,539921
1252,Alldigi Tech Limited,532633
1253,Ultramarine & Pigments Ltd.,506685
1254,Raj Rayon Industries Limited,530699
1255,Salasar Techno Engineering Limited,540642
1256,Rhetan TMT Limited,543590
1257,Punjab Chemicals and Crop Protection Ltd.,506618
1258,Gem Aromatics Limited,544491
1259,Khazanchi Jewellers Limited,543953
1260,Ashika Credit Capital Ltd.,543766
1261,Agarwal Industrial Corporation Limited,531921
1262,CAPITAL INDIA FINANCE LIMITED,530879
1263,ASIAN ENERGY SERVICES LTD,530355
1264,MANGAL ELECTRICAL INDUSTRIES LIMITED,544492
1265,Andrew Yule & Company Ltd,526173
1266,Orient Technologies Limited,544235
1267,IG Petrochemicals Ltd,500199
1268,Sportking India Ltd.,539221
1269,Suryoday Small Finance Bank Limited,543279
1270,Centrum Capital Limited,501150
1271,Walchandnagar Industries Ltd,507410
1272,G N A Axles Limited,540124
1273,GRP Limited,509152
1274,MIC Electronics Limited,532850
1275,Reliance Industrial Infrastructure,523445
1276,UNICOMMERCE ESOLUTIONS LIMITED,544227
1277,Heubach Colorants India Limited,506390
1278,GRAND OAK CANYONS DISTILLERY LIMITED,523862
1279,Garuda Construction and Engineering Limited,544271
1280,Alicon Castalloy Limited,531147
1281,3B BlackBio Dx Limited,532067
1282,Bajaj Steel Industries Ltd.,507944
1283,Hariom Pipe Industries Limited,543517
1284,MUFIN GREEN FINANCE LIMITED,542774
1285,Faze Three Ltd.,530079
1286,Dynacons Systems & Solutions Ltd.,532365
1287,Capital Small Finance Bank Ltd,544120
1288,LUCENT INDUSTRIES LIMITED,539682
1289,Electrotherm (India) Ltd,526608
1290,Atul Auto Limited,531795
1291,PANORAMA STUDIOS INTERNATIONAL LIMITED ,539469
1292,Bharat Wire Ropes Limited,539799
1293,Yuken India Ltd.,522108
1294,Benares Hotels Ltd,509438
1295,GPT Healthcare Limited,544131
1296,Tribhovandas Bhimji Zaveri Limited,534369
1297,Borosil Scientific Limited,544184
1298,STL Networks Limited,544395
1299,GTPL Hathway Limited,540602
1300,Godavari Biorefineries Limited,544279
1301,Deccan Cements Ltd.,502137
1302,Texmaco Infrastructure & Holdings Ltd,505400
1303,RENAISSANCE GLOBAL LIMITED,532923
1304,COLAB PLATFORMS LIMITED,542866
1305,Butterfly Gandhimathi Appliances Limited,517421
1306,Wealth First Portfolio Managers Limited,544536
1307,AYM Syntex Limited,508933
1308,Signpost India Limited,544117
1309,Midwest Gold Ltd,526570
1310,PRAVEG LIMITED,531637
1311,The Hi-Tech Gears Limited,522073
1312,Heranba Industries Limited,543266
1313,ArisInfra Solutions Limited,544419
1314,EIMCO Elecon India Ltd.,523708
1315,Virtuoso Optoelectronics Limited,543597
1316,Amines & Plasticizers Ltd,506248
1317,Vardhman Holdings Limited,500439
1318,Monte Carlo Fashions Limited,538836
1319,Indo Rama Synthetics (India) Ltd.,500207
1320,Kellton Tech Solutions Ltd.,519602
1321,Cosmic CRF Limited,543928
1322,Shree Digvijay Cement Co. Ltd.,502180
1323,Bluspring Enterprises Limited,544414
1324,BCL INDUSTRIES LIMITED,524332
1325,Dhunseri Ventures Limited,523736
1326,Rishabh Instruments Limited,543977
1327,IRM ENERGY LIMITED,544004
1328,ORIENTAL AROMATICS LIMITED,500078
1329,Sterling Tools Ltd.,530759
1330,5paisa Capital Limited,540776
1331,CFF FLUID CONTROL LIMITED,543920
1332,Kross Limited,544253
1333,Eco Recycling Limited,530643
1334,Asian Star Co. Ltd.,531847
1335,Control Print (India) Ltd.,522295
1336,Diffusion Engineers Limited,544264
1337,OM INFRA LIMITED,531092
1338,TGV SRAAC LIMITED,507753
1339,Ganesh Consumer Products Limited,544528
1340,Nelcast Limited,532864
1341,AAYUSH ART AND BULLION LIMITED,540718
1342,Ester Industries Ltd.,500136
1343,Themis Medicare Ltd.,530199
1344,The Yamuna Syndicate Ltd ,540980
1345,Kokuyo Camlin Ltd,523207
1346,Concord Enviro Systems Limited,544315
1347,Royal Orchid Hotels Ltd,532699
1348,Vascon Engineers Limited,533156
1349,Blue Cloud Softech Solutions Limited,539607
1350,Meghna Infracon Infrastructure Limited,538668
1351,BARBEQUE-NATION HOSPITALITY LIMITED,543283
1352,Fairchem Organics Limited,543252
1353,BMW INDUSTRIES LIMITED,542669
1354, Aurum PropTech Limited,539289
1355,Oswal Agro Mills Ltd.,500317
1356,Lincoln Pharmaceuticals ltd.,531633
1357,Dhanlaxmi Bank Limited,532180
1358,Arihant Foundations & Housing Ltd.,531381
1359,Indef Manufacturing Limited,544364
1360,Pudumjee Paper Products Limited,539785
1361,Automobile Corpn. of Goa Ltd.,505036
1362,Matrimony.com Limited,540704
1363,Steel Exchange India Ltd.,534748
1364,Scoda Tubes Limited,544411
1365,Gulshan Polyols Ltd.,532457
1366,Saurashtra Cement Limited,502175
1367,REGAAL RESOURCES LIMITED,544485
1368,Manaksia Coated Metals & Industries Ltd,539046
1369,Western Carriers (India) Limited,544258
1370,ABANS FINANCIAL SERVICES LIMITED,543712
1371,CREST VENTURES LIMITED,511413
1372,Manali Petrochemicals Ltd.,500268
1373,Concord Control Systems Limited,543619
1374,Pashupati Cotspin Limited,544448
1375,KMC Speciality Hospitals India Limited,524520
1376,ORIENTAL RAIL INFRASTRUCTURE LIMITED,531859
1377,Oswal Greentech Limited,539290
1378,PROSTARM INFO SYSTEMS LIMITED,544410
1379,Century Enka Ltd.,500280
1380,Balaji Telefilms Ltd.,532382
1381,Uniphos Enterprises Limited.,500429
1382,Gala Precision Engineering Limited,544244
1383,Tamil Nadu Newsprint And Papers Ltd,531426
1384,Yash Highvoltage Limited,544310
1385,Radhika Jeweltech Limited,540125
1386,Chemfab Alkalis Ltd,541269
1387,Uttam Sugar Mills Ltd,532729
1388,MERCURY EV-TECH LIMITED,531357
1389,MANOJ VAIBHAV GEMS 'N' JEWELLERS LIMITED,543995
1390,Likhitha Infrastructure Limited,543240
1391,InfoBeans Technologies Limited,543644
1392,Industrial & Prudential Inv. Co. Lt,501298
1393,RICO Auto Industries Ltd.,520008
1394,Valiant Organics Limited,540145
1395,ZUARI AGRO CHEMICALS LIMITED,534742
1396,Peninsula Land Limited,503031
1397,Shree Pushkar Chemicals & Fertilisers Limited,539334
1398,Indo Amines Ltd.,524648
1399,MAMATA MACHINERY LIMITED,544318
1400,DREAMFOLKS SERVICES LIMITED,543591
1401,Vakrangee Limited,511431
1402,AVT Natural Products Ltd.,519105
1403,IST Limited,508807
1404,AEROFLEX ENTERPRISES LIMITED,511076
1405,RACL Geartech Limited,520073
1406,Allied Digital Services Limited,532875
1407,Veritas (India) Limited,512229
1408,Sree Rayalaseema Hi-Strength Hypo Limited,532842
1409,Xchanging Solutions Limited,532616
1410,Hexa Tradex Limited,534328
1411, Max India Limited,543223
1412,Saint-Gobain Sekurit India Ltd.,515043
1413,SRM CONTRACTORS LIMITED,544158
1414,Kwality Pharmaceuticals Limited,539997
1415,ASIAN GRANITO INDIA LIMITED,532888
1416,Z.F. Steering Gear (India) Limited,505163
1417,Kuantum Papers Limited,532937
